{
  "setting": {},
  "condition": {
    "plugin": {
      "list": []
    },
    "game": {
      "list": []
    },
    "gamePlugin": {
      "list": []
    },
    "miniprogram": {
      "list": [
        {
          "id": -1,
          "name": "pages/mine/mine",
          "pathName": "pages/mine/mine",
          "query": "",
          "scene": null
        },
        {
          "name": "pages/goutongg/goutongg",
          "pathName": "pages/goutongg/goutongg",
          "query": "",
          "scene": null
        },
        {
          "name": "pages/mianshi/mianshi",
          "pathName": "pages/mianshi/mianshi",
          "query": "",
          "scene": null
        },
        {
          "name": "pages/mianshi1/mianshi1",
          "pathName": "pages/mianshi1/mianshi1",
          "query": "",
          "scene": null
        },
        {
          "name": "pages/position/position",
          "pathName": "pages/position/position",
          "query": "",
          "scene": null
        },
        {
          "name": "pages/getUserInfo/getUserInfo",
          "pathName": "pages/getUserInfo/getUserInfo",
          "query": "",
          "scene": null
        },
        {
          "name": "pages/index/index",
          "pathName": "pages/index/index",
          "query": "name=lin",
          "scene": null
        },
        {
          "name": "pages/position_info/position_info",
          "pathName": "pages/position_info/position_info",
          "query": "",
          "scene": null
        },
        {
          "name": "pages/myresume/myresume",
          "pathName": "pages/myresume/myresume",
          "query": "",
          "scene": null
        },
        {
          "name": "pages/myjianli/myjianli",
          "pathName": "pages/myjianli/myjianli",
          "query": "",
          "scene": null
        },
        {
          "name": "pages/mycollect/mycollect",
          "pathName": "pages/mycollect/mycollect",
          "query": "",
          "scene": null
        }
      ]
    }
  }
}